"Timestamp","How often do you use Piazza","I mainly use Piazza to:","How useful do you find Piazza's search results?","How useful are posts that have an Instructor answer?","How useful are posts that only have a student answer?","How useful are posts that have an endorsement?","What would make Piazza search results more useful for you?","How often do you use EducationalWeb","I mainly use EducationWeb to:","How useful do you find EducationalWeb's search results?","How useful do you find EducationalWeb's mini-slide preview?","How useful do you find EducationalWeb's large slide preview?","How useful do you find EducationalWeb's list of related slides?","What would make EducationalWeb more useful for you?","Please select how you think results should be ranked for the query: [Instructor Post]","Please select how you think results should be ranked for the query: [Student Post]","Please select how you think results should be ranked for the query: [Slide]","Please select how you think results should be ranked for the query: [Post with All]","Please select how you think results should be ranked for the query: [Endorsed Post]","How useful would you find the following summary for the mini-preview for a piazza post?","How useful would you find the following summary for the large preview for a piazza post?","What additional suggestions do you have for integrating EducationalWeb and Piazza?"
"2020/11/21 8:06:35 PM MST","5","Ask questions;Answer questions;Gauge how others are doing in the course;Seek help/ provide help from/to my fellow students.","4","4","4","5","Ability exclude include archived posts","1","Didn't know it existed","4","5","3","4","","3","2","1 - Last result","5 - First Result","4","5","5",""
"2020/11/21 8:34:13 PM MST","3","Answer questions","3","4","4","5","","1","","3","3","3","3","","5 - First Result","2","4","1 - Last result","3","3","4",""
"2020/11/21 9:26:21 PM MST","5","Review questions/answers from others which usually answer my questions","3","4","4","4","   Ability to both filter by a tag AND search for a term(s). (Currently can only do either)","1","Not familiar with it (sorry)","3","3","3","3","N/A Not familiar with it","5 - First Result","2","1 - Last result","4","3","5","5","N/A"
"2020/11/21 11:44:15 PM MST","5","Ask questions;Answer questions;Gauge how others are doing in the course;Judge how much time an assignment may take.","4","4","4","4","Sometimes students won't put the right tags (or they misuse them accidentally). If I am trying to search with a tag, maybe we can also look at the content of the post to decide if it's a topic I'm interested in.","1","Don't use it. It's really annoying because it's not very fast imo. I typically download the slides and paste them into OneNote. I can add my own annotations there as well which I find useful. I can also create my own categorization and linking system within the notebook.","1","1","1","1","Don't use it. Have no feedback.","3","1 - Last result","4","5 - First Result","2","5","5","I like the linking to the related slides very helpful. I don't think having the post as a slide is helpful though. Because 1) you're going to have a lot of slides, 2) it doesn't seem logical."
"2020/11/22 11:32:55 PM MST","5","Ask questions;Gauge how others are doing in the course;Get updates from instructors","3","5","3","4","Having useful posts highlighted.  Also having posts which reference each other indicated as being in some sort of group.","1","","1","1","1","1","It's just too slow.  It would have to be fast.  Also, I like to write notes on slides, so having them in this format isn't helpful for me.  Finally, when learning the material, the list of related slides isn't useful.  I'm just trying to get through the material.  As a review tool it might be helpful - but then again it's just too slow unfortunately.","5 - First Result","1 - Last result","4","2","3","3","4","If you could also link the textbook to the applicable areas that would be awesome.  "
"2020/11/23 3:59:50 AM MST","4","Ask questions;Figure out if others have faced similar issues","3","5","4","5","","1","","1","1","1","1","","2","4","1 - Last result","5 - First Result","3","3","4",""
"2020/11/26 4:36:16 PM MST","4","Ask questions;Answer questions;Gauge how others are doing in the course","5","5","5","5","","1","Not used","1","2","2","2","","5 - First Result","2","1 - Last result","3","4","3","2",""
"2020/11/26 7:50:13 PM MST","4","Ask questions;Answer questions","4","5","4","5","","1","Never","1","1","1","1","Never Used","5 - First Result","1 - Last result","3","4","2","5","4",""
"2020/11/27 12:13:38 PM MST","4","Ask questions;Gauge how others are doing in the course","3","4","4","4","Being able to search within a filter tag (i.e. e-step within just the MP3 tag)","1","I've never used it. I didn't know it was a thing. ","1","1","1","1","","5 - First Result","2","1 - Last result","3","4","3","4",""
"2020/11/27 12:23:18 PM MST","4","Ask questions;Answer questions","2","4","3","4","","1","","3","3","3","3","","5 - First Result","3","1 - Last result","2","4","4","4",""
"2020/11/27 10:19:29 PM MST","5","Ask questions","3","4","2","4","","1","study for exams","4","4","4","4","","3","1 - Last result","4","5 - First Result","2","4","4",""
"2020/11/27 11:39:18 PM MST","5","Ask questions;Answer questions;Gauge how others are doing in the course","2","4","3","4","Literally anything, Piazza search is terrible. Also, I don't think it already has it, but sorting searches by ""relevance"" and date would be useful.","1","I haven't used EducationWeb","3","4","4","2","","3","1 - Last result","5 - First Result","2","4","4","3",""
"2020/11/28 5:53:41 AM MST","4","Ask questions;Gauge how others are doing in the course","3","4","3","4","","2","Find the slide to answer a quiz question","1","4","2","2","","5 - First Result","3","2","1 - Last result","4","4","3",""
"2020/11/28 3:51:34 PM MST","4","Ask questions;Answer questions","4","4","3","4","","2","Find the slide being discussed in the lecture","3","4","4","3","","3","1 - Last result","2","5 - First Result","4","4","4",""